product_name,reviewer_name,star_rating,review_text
Wireless Noise-Canceling Earbuds,Priya Nambiar,5,"Absolutely love these. The sound quality is incredible and the noise cancellation actually works — I can finally get through a workday without being distracted by my open office. Battery life has been solid too."
Cast Iron Skillet 12",Marcus Webb,5,"This thing is a workhorse. Sears a steak better than any pan I've ever owned, and cleanup is easy once you get the hang of seasoning it. Worth every penny."
Men's Merino Wool Sweater,Tom Gallagher,4,"Really nice quality wool and it looks great. Knocked off a star because the sizing runs noticeably small — I'm usually a large but had to exchange for an XL."
Ceramic Pour-Over Coffee Maker,Dana Osei,4,"Makes a genuinely great cup of coffee and looks beautiful on the counter. It's pretty pricey for what it is, which is the only reason I'm not giving it five stars."
Chunky Knit Throw Blanket,Yuki Tanaka,5,"So cozy and even nicer in person than in the photos. Bought two more as gifts. No complaints whatsoever."
Women's Windbreaker Jacket,Sofia Reyes,4,"Lightweight and actually waterproof, which a lot of jackets in this price range aren't. Took about two and a half weeks to arrive, which felt longer than expected, but I'm happy with it now that it's here."
True HEPA Air Purifier,James Okafor,5,"Running this in my bedroom and I genuinely notice a difference — less congestion, sleep better. It's quiet on the lower settings and the filter replacement process is straightforward."
Linen Button-Down Shirt,Rachel Bloom,4,"Beautiful fabric and the color is exactly as shown. I'm docking a star because one of the buttons was already loose when it arrived. Easy enough fix, but shouldn't happen on a shirt at this price point."
Adjustable LED Desk Lamp,Nadia Kowalski,5,"Exactly what I needed for late-night studying. Solid build, lots of brightness settings, and the USB charging port on the base is a genuinely useful touch."
Stoneware Mug Set (4-piece),Ben Calloway,4,"Three of the four mugs are perfect — great weight and the glaze is really pretty. The fourth had a hairline crack when I unpacked it. Knocked a star off for that, but the seller sent a replacement without any hassle."
Portable Bluetooth Speaker,Amara Diallo,2,"The speaker itself sounds decent when it works, but mine cut out completely after about a week. Clearly a defect. The charging port also feels incredibly flimsy — I'm surprised it lasted as long as it did."
Men's Puffer Winter Coat,Greg Fitch,1,"Ordered the navy blue in a large. What showed up was a mustard yellow medium. Completely wrong item. I've been waiting two weeks for a return label and still haven't received one. Do not buy from this seller."
Professional Chef's Knife Set,Wendy Huang,3,"The knives look impressive in the block, but the blades started showing rust spots after the second wash and the handles on two of them feel loose already. Expected much better for the price."
GPS Smartwatch,Tyler Brooks,1,"The watch came in a nice box, but there was no charging cable inside. Just the watch and a manual. I reached out to support four days ago and haven't heard back. Currently have an expensive paperweight."
Slim Fit Stretch Jeans,Keiko Morales,2,"The denim feels cheap and stiff, nothing like the 'soft stretch' described in the listing. On top of that, the sizing is completely off — I ordered a 32 and these fit like a 30. Really disappointed."
Robotic Vacuum Cleaner,Dan Sorensen,1,"This was a birthday gift and the whole experience was a disaster. The package sat outside a facility for six days before it even shipped. When it finally arrived the dustbin was cracked and the vacuum won't hold a charge. Absolute waste of money."
Waffle-Weave Shower Curtain,Alicia Fernandez,3,"It looks fine, but the fabric is much thinner than it appears in the photos and the grommets are already pulling after three weeks of normal use. I expected something more durable at this price."
Slim Fit Dress Shirt,Rob Nakamura,1,"One hundred and ten dollars for a dress shirt and the stitching on the collar started unraveling the third time I wore it. I've bought shirts at a fraction of this price that have held up for years. Complete rip-off."
10,000mAh Slim Portable Charger,Fatima El-Amin,2,"The charger works, technically, but it tops my phone off at about 60% before dying. The product claims 2.5 full charges — I'm getting less than one. There's no obvious defect, it just doesn't do what it says it does."
Non-Stick Ceramic Cookware Set,Chris Lundberg,2,"The pans arrived fine and look nice, but there's a strange chemical smell when heating them that hasn't gone away after several uses. The included instructions are also nearly impossible to follow — poorly translated and missing key steps. Not what I was hoping for."
